{"version":13,"hash":{"type":"Buffer","data":"hFdXbkqmJsMYDH1teBMBF191OfNqqvAmvsabj9Nml93PS9Yv/MsPy3nwwwPRl8KLFqHxpZq3imGfJRoemUUi5RgwC1dsqbRTScfOgiQ2tpfDy79rGpPFiIiPZny0140X1ACZpY6wGtm2pq0/RAdxqcUoW5Kh441Lnz5IIzbeQ0o="},"indexValueMap":{"FO1l7mz+I0Pzjhpwvsyeiw6pxLANVRWqC6RiKsyA2kI=":{"valueMac":{"type":"Buffer","data":"PERB1uVaS+NRrTUGrDP2xK3EWqIoEsJEiEXtsYSuWic="}},"OY1MHKh0Gf+KJBNX//vV25J1gJN59UilUTIPNYf6Rys=":{"valueMac":{"type":"Buffer","data":"tojKzhoNNZrV5AhBp8UWsEfmwvTDNgIAEA2FdNkD7bs="}},"UDSXcF/WJzgXXeLrbYzke1HkBxgr/qJFHKZvmetN/us=":{"valueMac":{"type":"Buffer","data":"GtN1+OsV8ZqjqMaez1ClIkr2IiLATiZuTRTK5aIoeGs="}},"UKGnWtwxB43dzPhxWRxicr7KvKRtMUOFunn9j9iq54M=":{"valueMac":{"type":"Buffer","data":"qzjzIjkH5DtbGefh/qGaBQlbyGeswugz2PPogZ8/spY="}},"ljAifGQVgw+L4LyM1tPHQetVC/gYjPDYFs3h2OI7Gw4=":{"valueMac":{"type":"Buffer","data":"Y+o9+w7kbIkYU9Y1yjqEcMERiFoHcohQ/FbyUHJv/0U="}},"u0z9xUA1kfh0KzcvzmTLDLuXxPyj+aQOM8LvhAa0G1s=":{"valueMac":{"type":"Buffer","data":"ng8fFbLmTy51ULukXTjbw25Fv/up8+ckVZH7OEG6p44="}},"zVYDeaK3DPf67InTbu5/yNPCGlXyNojj4iovJD2LqaQ=":{"valueMac":{"type":"Buffer","data":"ZYt5BHwnFOU9+25OEVvS6pxg67BypXLCSraQ9hXujKA="}},"8WzxBlMC68tScha6OM0ml8dk/RFp2HkYjrM960ZluRw=":{"valueMac":{"type":"Buffer","data":"n6CmO+j30uvbczDsrswTxOsdhuu/UDYxAWpwlfWTsRo="}},"+r81vwvtC+BTPvv4GKx/rCat9XrlesOxczT6mDgfwhg=":{"valueMac":{"type":"Buffer","data":"QB3DIk2ayIrBeBM5l6Zagq33VkpsKMLk/lsIlPGSd14="}},"/i5cT+ZAakBuCKFHrmdZQEAfY/zvHux++PWKsSTBe4U=":{"valueMac":{"type":"Buffer","data":"7FwqhExJO0XdK4YWE3G1iraYvY+A4KqWhTM4ZB9VeBM="}},"Oaep+qpftetkmq4I0gmnkz1e6gf6HRYxxIkrq0ku/4A=":{"valueMac":{"type":"Buffer","data":"fBmfvFTECG4K0hAHFkrB3pPNHrmxINBRPO3ONXEpG2M="}},"CGTswMFlYIY4oxvTVL9rVdMmWxwvIJ8y232jeatooOo=":{"valueMac":{"type":"Buffer","data":"2yFnFQugK06kdreMGttQu7Tdqj7RoFdpI+AmFAU5Vj0="}}}}