{"version":4,"hash":{"type":"Buffer","data":"77AF4Gak4MI4H8MYk5hkyuVuvNmdzaNFHPqasO8c7SVQyorq9Xp6ggN99BPMxLBqphXNhzK1gfY2cwlI9toQPrfmtP3t9wSL+tRF3YQ3yxQLiM1e18HqDLEFEyKcZNJd6a59ghPqXqQUFLtpIa+rkiAiXt5ZnjriuAV/8HoXb90="},"indexValueMap":{"R8lmD5bMmPgtUK1pJKa79CKMb5dT0ANTn7LPDYdevKY=":{"valueMac":{"type":"Buffer","data":"SkUWYqp7NGfnf2j0IsHI/+qaTrcaVlZTpOoUYBrq9Wg="}},"8sf2ATBZ0v6ftjak124+qGDTxmNAw+FYGLYX9s8lpi0=":{"valueMac":{"type":"Buffer","data":"zyjF+y8/EzWuJuWRq1+J4zq+0TAjjCoSYG+ykC64Yec="}}}}