{"version":15,"hash":{"type":"Buffer","data":"C2qTbaUSeXGVMF5uSnpZOdS4zHZtFGxnuozMszUpitZDxKb0ovbqR8qPDez/LtIIAqv7N3U3llsBT+Dk50ydcaqsi+SZmgtccKgpoHkSP85WjY+uvN17WI+M9lR6zgSla39CKO0J0U600fwauDRWoo9eEb8hWl0SyPscRMJoz3w="},"indexValueMap":{"AqTGCZnMx2b+Cf56/YRwF7U16lPiNgEKV5FVH/4Ap1I=":{"valueMac":{"type":"Buffer","data":"Iilto3ZCq0kENUQvp4rvZWgE4oxtJTuCY+4+nY1HX4k="}},"EoilXhYln7sJQOcu543+WV9jk3V63xKk9AlRUJu5IV4=":{"valueMac":{"type":"Buffer","data":"k39WdbE7NE38NI21yEcDY5NPJUaqRYcc1gdqzVdXw2o="}},"F9HtCotgkzJmbhxg8zrltySGGFXVoPmpZ2CrZZJEc2Y=":{"valueMac":{"type":"Buffer","data":"RMBDI7zHA1UIkTCqA82ccecSfW94HwfuyjGyWdNdxgg="}},"Kg5M2X8860j0AvpNZ8O91vg15fuj/ctAO5F9GTdLZDQ=":{"valueMac":{"type":"Buffer","data":"zjIoZOo3ODYxbuW8VMvKM+OzRTr3ljSVslBwh6xiTw4="}},"QhUAnfBaW0sujiDiR+7gHpWRBxBNFvt298UkaVGhSuA=":{"valueMac":{"type":"Buffer","data":"Q2huQZ/qAqw58PKuqZb9PGok+hDechQ9bGwurAGV158="}},"UYYonUZlQZwTTWS9kimJU15NUdumQVktjtW/vZ0S53g=":{"valueMac":{"type":"Buffer","data":"An1vhDMNxnyv9kj3fiExRsWQiBVfEB14SO1qGnONxFs="}},"U7uwj3b5eQCvo68oAeiHHxbah/OyEHXGEdZNnp6LUh0=":{"valueMac":{"type":"Buffer","data":"vx/Xe1KQA3R+erFIWeSQAfoKiY6AYozOI5vK050r/X0="}},"XcuR8xxHzYtl48y+Hi5G5UAGyMJg/TvKV98isX5HWs0=":{"valueMac":{"type":"Buffer","data":"od1k5nSX/45PrXZgMU8tb3loXKFMFobb2P+z0/LQSY0="}},"cRhgU9J7h6f41g9gxyXJbENCpTYjAX4XxN4z4GnTjVA=":{"valueMac":{"type":"Buffer","data":"Ob4mtBguAUBADWNdL3lXJo83CZmyBg7ohCe3uy6Dp9U="}},"dTAQ6icqo21Al7joE7GjGb7xE4FqkbvQONbp3dcWJPg=":{"valueMac":{"type":"Buffer","data":"3NLQ8nfrVRxT9vBH1G3ZRI0FMumC5dBycOV/mtpSwgg="}},"fxLUfnU5nFohrphEUCX83IkP0wEEt2eJclul639heJM=":{"valueMac":{"type":"Buffer","data":"PShhoiYu/rCE+AGAgIdbNdRtBZnf44Mir4YNELYu7x4="}},"j7vI+YwEIr5U6rNdC7qMfanXNUHvfyHEbLo78GxXSrE=":{"valueMac":{"type":"Buffer","data":"uyBlo/2RVemBbPVT0etCbIF9NTn+3WQ3rdXNBX70mDo="}},"m+CxHgpjlmsCXP7jCIr/4slDlV6bbM73MKi+hygAxDs=":{"valueMac":{"type":"Buffer","data":"Bn1NZXxxgMy4Ap6DR345I5SHOIJYue+rBn15bWR0wJQ="}},"qcKgoSGaux9fphsNa5DkF3syfz7R0+Ni224p2bf7qx8=":{"valueMac":{"type":"Buffer","data":"BfSdj9RxHIkR9EZCOdDa7K0fGAMsoY3w/uSQn8km1O0="}},"z7UPSBuif2NIK1vljCnxanPbSmY8Ll1nILQR3tD216s=":{"valueMac":{"type":"Buffer","data":"sNJb0uQYVv+7dHXtZ8lUYucXgVsX+beHn9XRT6pNxoY="}},"0DP5+6EHrmvCG6ZN0wwL4D7uPNx4TGwVdonhl1Ua4Ac=":{"valueMac":{"type":"Buffer","data":"GTGWXxCBvbrRIPiZ/rk7GjFAZhs6u8TvZREYFLfngJg="}},"1xlUro+1CmTjE8XfcV/NqsORclT5RyDa3rXZNl/uZio=":{"valueMac":{"type":"Buffer","data":"oYqaECUunKbWBDcKaCKBkWhi1e2vmi9e9g1ixxArjRE="}},"54sO96Ys9j9m9UKvYUs0sZq3cpzisHsdV+/gBBVWlEQ=":{"valueMac":{"type":"Buffer","data":"cPfXf38GvkQWTwbR+JkRLbBsbDgaeMI49O6xWpTTXuA="}},"9mmnJiiG1drhjGCeIIL2zJmuqntadEqXQI4boIDnBQw=":{"valueMac":{"type":"Buffer","data":"9ma8AmUqiglGKWXPkielGneRTVfqYHa8Iz+11Wu6NMY="}},"+h8UoAOut2fDvwTT3QSV7Y3iefH3KJkJO8Lrt2K0OT8=":{"valueMac":{"type":"Buffer","data":"xhVbEM8So516PuQT1V6HDcC7sA68EpJ2qtrfN/z7Aso="}},"23zX3yHg5taXIPgzUVjOmWSLouYTCnBN5zydwoUnvRg=":{"valueMac":{"type":"Buffer","data":"pAjf71g5AKe1ZilHkerOBLxM7vavUfAIMV//0YGcyyw="}},"3p21rnB2jvBZMvly+HB5MAoXVmdHYTeP/Gnc/kUV+cE=":{"valueMac":{"type":"Buffer","data":"hCqbkytbngR/y2T5gcpZi2quslmjKPl4GjbhGyqrH2g="}}}}