{"version":7,"hash":{"type":"Buffer","data":"Cf4H5V/tQIS7ErI9zqwlpe7mTb4nKVU64i4oG+4E16pbvZZCwEW8zutgd+FPqlNW95+eJKadm/BC0ssBvM3vlJatCDEMLrY/wsc8vVJJfigMyArvQ6bl0E7BdMcgQ4O9fmd1mV6FvzE9h2LCSCcVB2hOJsLBF7ASeOW80dX200o="},"indexValueMap":{"A+d58aZi/iRZTeCgjR5led995OH0JBJHsfd+4+ml8so=":{"valueMac":{"type":"Buffer","data":"c329tWUUsAuUjWQae4Ja4/Np7hmgyStaClZjXkoZP40="}},"BINvTiOhQP4tx7d2KTArkLoyyjJJusSsX94mxj84Xpo=":{"valueMac":{"type":"Buffer","data":"Mklw6FU+5x3ATqMCw0W+Hq6BwdHhkaS0J0NxN/qxCI0="}},"EWElKXuMn/UzhFB7rjcjp5DOsPO5IOTJpD08BVZRaPw=":{"valueMac":{"type":"Buffer","data":"k93DL/tXFIPNeS9NSHzopuphVhagDRWkc1lIJl5OT30="}},"LdL7m7uvcDXtxvmRVEQA5sTJ3XwSw1LcklMtosOlz2Y=":{"valueMac":{"type":"Buffer","data":"mvkcZTj3D96CAn3jZse44Cnj0DfK2qG7UObpJZspZ2A="}},"NcZVmJEGemuyBgNX2zrbo4/OU+IQuMYZjgcPnygid18=":{"valueMac":{"type":"Buffer","data":"Z25jVYL8SY+LZ/2U/XIvGVcXIl/YjgabidsI7EG/prI="}},"OsHqbkdy8gUx6Jdy5eR09ez49cpInd6ZYENWjNDhAOU=":{"valueMac":{"type":"Buffer","data":"fSXjfI3O+MnAsNCN0NY5DmSWvdGwWAOlAkFO/FdwvoA="}},"O0yqW1KnqAaDVlwOLpgxMXpJ9pZ6ioEh5Z0mIihHOSQ=":{"valueMac":{"type":"Buffer","data":"b5huSckIVdg1hKqinxZQjCJCNH+wAqBJG5aFWYAyH6A="}},"QV6+qx4gaxqi+ax1GbzLvS3dkr/QzjmGkw9P4NGBM0E=":{"valueMac":{"type":"Buffer","data":"Lhe/hTPcv81cduy5xFjjLpkbWflmZdoI300XTNcO3Rw="}},"Y7WIEz9e8Z8hq9ORSpcKYvyfgq98WNgkr1BmcrV0Iy4=":{"valueMac":{"type":"Buffer","data":"ZkevJir+ZF0/tHksFTFjyNwojgGjR0nqJbgE/mfo48k="}},"bl+9UQ6LtNL3EpJF9GBmaQ9UUFH2XUYjtd2uz8iRrmw=":{"valueMac":{"type":"Buffer","data":"NGvtmBTZN+zm0Ie6txbaYUuei08w6WhFPOc8ldAvy34="}},"mDu4Dc3oBgPg70VYjxkzijxm8IUslcacj+poEq97/zs=":{"valueMac":{"type":"Buffer","data":"ikdmd28Z9GG7H7n1MBbC5MIr50isI30MsGzgid33oYE="}},"mbG0CBJmfkNJibBbbPp8UpMPLQ9o6Xw1Yr3Iq7r6KWU=":{"valueMac":{"type":"Buffer","data":"jlTzfSa7qpGVGDbn3e3zPppUarbSxX29Tzpb49L4h/E="}},"nRbR5tSx12UWPI9CaAcN//YpXBzO9M1wzeuIBG7OrnA=":{"valueMac":{"type":"Buffer","data":"6kqbwi1urogvLWWRTV1rCKbSrlhieBuxxbWW+oXU6oY="}},"nYykTUcB4ZD9/qdSXYyPQf7V8KpuomQq/xnwxGs126U=":{"valueMac":{"type":"Buffer","data":"d+X9SOmavnkSep7mRM1slw8vME1VDNRikSZbEiBruDo="}},"ody8g45bsHQHihc+NaFY/MGhvtwVTRfby4NYAo4M3Ok=":{"valueMac":{"type":"Buffer","data":"Me4PjJOhW8UXY7PW7phKOHHeUxT9E93YDZoGrayfVzE="}},"o9klH2fU4WomRx2Ijq+fvnOE3pYpVE2TUcrTDOCV7QA=":{"valueMac":{"type":"Buffer","data":"v0Z0UOQrkpFHszlTNfP8B5FRdqOxragDBu6sf9ahVSw="}},"sK2D80oEpeg2OaY/FEanuNHuMSEezEQNTAtymkq6X98=":{"valueMac":{"type":"Buffer","data":"DjwlwSFfuoIwldD0Xh2YAZIcUfadxkEbZ3+KWvSG+HY="}},"uBoAS0bS5ZX49spZPwf3Hx2l7ui3hX0rJ7enQ8lO3lo=":{"valueMac":{"type":"Buffer","data":"qXXo0oRoYYhzy2HmtzQZa/FdoeRhEFmccg4RqcLWCQ4="}},"18RAptcpbS2FjMMxguk+RUVROTA7lFXKzQmE8vQ++IQ=":{"valueMac":{"type":"Buffer","data":"n/vNIHYR7ksFeKjK9oWexEuwjcwY01tlxN3WRZdjhTw="}},"3LAqsUCEDb3lVIq37DcQDt7e2XPIqgRQSEwaOxGUhyg=":{"valueMac":{"type":"Buffer","data":"o97T0EyXwaYMeQRb2rm3n4S/XEDLrysfTj+9Q2xpN9E="}},"4EiB/gHwCufuRp4K9m+X90a6DRfzycnJsh0f6I+/P50=":{"valueMac":{"type":"Buffer","data":"NpKusZlVj5MO/e89AfDl6HJ5oNrxmW5iZPLNYZpbqRI="}},"4ekPQu5PZugjBNslQUX7qkamB9LhEpulw7RL558HWCY=":{"valueMac":{"type":"Buffer","data":"QJ3nzzTWspNm3JdNrr9no9n9xYyp3RObGHyCzMJXkAU="}},"4gJPk5LcVKLU5m4rc81tJ4CNLtegxwBaGPRmkVLhCTw=":{"valueMac":{"type":"Buffer","data":"napxTb4mQCR76iaQxErv04C80yrP7HV2ocOlAZQPzU8="}},"5+E8Kay4CaWj1UXkF6fdWisVMUhjO22cpUvLzMQjAUk=":{"valueMac":{"type":"Buffer","data":"mMBxwQ4OTeX6fvmp+TPWA0ITZmaEIbMdY6DpLa5+laU="}},"670YG+WtYzFDElNTa2F/Ltt65+h/HdmJUnexLwhTGdg=":{"valueMac":{"type":"Buffer","data":"Sj711ovQuMeSLO3lN2szEn/U40Hgp5OibrxFtYVI/ek="}},"7aXyeQom+13eh+fJiBwH/qWS8Pc3E6XN1VliKKW0EOg=":{"valueMac":{"type":"Buffer","data":"/kR6syEVJm8K7+6L2joXciUJZxYQch91zhLukESKPys="}},"8+JbxYzzjk0DJkPRr/RpsP1Yc/7e112DO491livoOgc=":{"valueMac":{"type":"Buffer","data":"+X2l05WXiDiHDTbw5SPGceQC4tm4jSBVG+hHUNBt1PU="}},"/a7dbuYH7ehkNMB+v9X5hTm09OjAQL/dDRG7KjBffiY=":{"valueMac":{"type":"Buffer","data":"PVf5acWkmHBv2McB39NymmUyby6d2V3qsI4H/TF2HVE="}},"ETL0+u9547fDbZKUML+n2Zn4uAK54JIrBgmq3ewAdBc=":{"valueMac":{"type":"Buffer","data":"vjNrRWCXkZghqejf9iE/CjdHh9OoGsgaY0HUSardLKk="}},"jm8ULPeDKQyXbTdRW350tvjqonyxG/GfUv7JNtrG2xU=":{"valueMac":{"type":"Buffer","data":"1TPCofbiW2grFoscsh/1GC69e6NZF8oH4wIOXU9p+DE="}},"93qUrsPt+mNoNUiSEqWMuPU3mFUFrJ7PKVSnC5kbhVk=":{"valueMac":{"type":"Buffer","data":"oI/TmtvcJ2PtDOYzWbBS5y3xCqpB64sLWAvc6RjD1Rg="}},"NmxHyRO6rJIKCfF+SpCItWYipAprog1r2p+gB+lTZtA=":{"valueMac":{"type":"Buffer","data":"EDaOUlbnEuz0TQy1Ns1xqcdeuo8zfqPageOq9v+MRLM="}}}}