{"noiseKey":{"private":{"type":"Buffer","data":"2NkokBOXjNLuuQSL1iwrkCnHuyfvjl4CdIvVNdcfOk8="},"public":{"type":"Buffer","data":"1aa3NWGlhX1/vS7DlXU/eMJGuJHc5WnrRZkTBQoLpjk="}},"signedIdentityKey":{"private":{"type":"Buffer","data":"4J4ZBpkTqXP3YWkigH4KqBMjPzkhIcdF+9Hm2+s96ng="},"public":{"type":"Buffer","data":"bgtD/ZWHrpDV16RB9NYMn3FhLglhP3BKNN0oIIZus1c="}},"signedPreKey":{"keyPair":{"private":{"type":"Buffer","data":"qHB6s1uTzxXIVFOnAwa/e2AKtbg23qLO+LuUssCmwFE="},"public":{"type":"Buffer","data":"7p7aqgfQOlEXUwtQyWLCWEKVM4dJ1fcgum7V9nC0hBg="}},"signature":{"type":"Buffer","data":"tUm5mz7xA5E5Q2tLw7MIWQCAZ1K8sgzSD5Oc4USUR6xBBmeH8qDdpZsbylajROOoVKI3PV+8FrZ7ftX9FR9zBQ=="},"keyId":1},"registrationId":79,"advSecretKey":"7x6imIM39uwcsfccFrq5tV7D2nn95obC7zM709NXfME=","processedHistoryMessages":[{"key":{"remoteJid":"923037875621@s.whatsapp.net","fromMe":true,"id":"E5FF4C511C382E32CFEA4EE1F1D55912"},"messageTimestamp":1696995649},{"key":{"remoteJid":"923037875621@s.whatsapp.net","fromMe":true,"id":"3658AB96E88B677AC8C8A4BFD1B7C20B"},"messageTimestamp":1696995650},{"key":{"remoteJid":"923037875621@s.whatsapp.net","fromMe":true,"id":"2DB54696C3E7A37A462AB2418D51B9DC"},"messageTimestamp":1696995652},{"key":{"remoteJid":"923037875621@s.whatsapp.net","fromMe":true,"id":"7A7CF4820915EA6203F0A863424FE4CA"},"messageTimestamp":1696995653}],"nextPreKeyId":31,"firstUnuploadedPreKeyId":31,"accountSyncCounter":1,"accountSettings":{"unarchiveChats":false},"deviceId":"kgVjbP7RRKym0Hb9zLcIKQ","phoneId":"9586cac3-ad37-484a-83c1-38e14de63143","identityId":{"type":"Buffer","data":"Eer2ehJney4cWJIl9Wl/9zXhhTg="},"registered":false,"backupToken":{"type":"Buffer","data":"LU7lWVTU1/ZR228NEbVopAiiA1g="},"registration":{},"account":{"details":"CNKFjvUFEL2ymKkGGAE=","accountSignatureKey":"FOkxmBn7MOzmkSQ32yqE4UmLWglJG1BTc42hO+i6NSg=","accountSignature":"ky5YGB8dpon/Hep2btFah4MzC0YMnIxVNXlvXcKpuQRFRjcO1bhVcEi+ZXGPuTGFBCpevEvm0cIyze1YoyfLAw==","deviceSignature":"8P/OtI7KdtnENe1eFO5Zxgx4LxAL7m/RVVPpAGU9BYRwA8K65H4hbCSgG6JZch47kwvtPoX7zNB8YeDFQcoLAg=="},"me":{"id":"923037875621:9@s.whatsapp.net","name":"Sheikh Jee"},"signalIdentities":[{"identifier":{"name":"923037875621:9@s.whatsapp.net","deviceId":0},"identifierKey":{"type":"Buffer","data":"BRTpMZgZ+zDs5pEkN9sqhOFJi1oJSRtQU3ONoTvoujUo"}}],"platform":"android","lastAccountSyncTimestamp":1696995647,"myAppStateKeyId":"AAAAAKCw"}