{"_sessions":{"BZzDALv6H+Ajp7CQ9c/Ayb+USdjpjHgWldKilK2OR4Er":{"registrationId":1403146235,"currentRatchet":{"ephemeralKeyPair":{"pubKey":"BZMWGUbOByFNSDrknz//dkx9IWlboDOiSOeGm8c4NSUh","privKey":"iDmZwQzCC2Anzn8OBK0HpA46qfrKWEerGw1pDghDwWY="},"lastRemoteEphemeralKey":"BV/SUMJCr7dCjtsst/3gQcmK+bajhrStIPamzISHkqEN","previousCounter":0,"rootKey":"v0hslJ9wzqdfdGwmocNroW0pzqu/8Li/iis7eupV3fI="},"indexInfo":{"baseKey":"BZzDALv6H+Ajp7CQ9c/Ayb+USdjpjHgWldKilK2OR4Er","baseKeyType":2,"closed":-1,"used":1696995648147,"created":1696995648147,"remoteIdentityKey":"BRTpMZgZ+zDs5pEkN9sqhOFJi1oJSRtQU3ONoTvoujUo"},"_chains":{"BV/SUMJCr7dCjtsst/3gQcmK+bajhrStIPamzISHkqEN":{"chainKey":{"counter":7,"key":"Q1IsXxDhPXAmJst1z3MQmsqNS5BdMxfplIHRkmV2870="},"chainType":2,"messageKeys":{}},"BZMWGUbOByFNSDrknz//dkx9IWlboDOiSOeGm8c4NSUh":{"chainKey":{"counter":3,"key":"UjBjDYNfQ+PqyL1qlHIBZOc8qLNbXtjjeqx+lbNLPoc="},"chainType":1,"messageKeys":{}}}}},"version":"v1"}